{
  "bpm": "173.939",
  "beatmaps": {
    "q": [
      1, 1.1,1.3, 2.2, 2.371439,   3.3, 3.5, 3.7, 3.9, 4.0, 4.1, 4.4,5.5,6.6
    ],
    "w": [
      1.25,1.35,1.45,1.55,1.65, 2.3772
    ],
    "e": [
      0.10453664790530048, 0.4494851643392228, 0.7944336807731451,
      1.139382197207067, 1.484330713640989, 1.8292792300749108,
      2.1742277465088327, 2.5191762629427545, 2.8641247793766764,
       3.2090732958105983, 3.55402181224452, 3.898970328678442,
       4.243918845112364, 4.588867361546286, 4.933815877980208,
       5.2787643944141305, 5.623712910848052, 5.968661427281974,
        6.313609943715896, 6.658558460149818, 7.00350697658374,
        7.348455493017662, 7.693404009451584, 8.038352525885506,
        8.383301042319427, 8.72824955875335, 9.073198075187271,
        9.418146591621193, 9.763095108055115, 10.108043624489037,
        10.452992140922959, 10.79794065735688, 11.142889173790802,
         11.487837690224724, 11.832786206658646, 12.177734723092568,
          12.52268323952649, 12.867631755960412, 13.212580272394334
    ]
  }
}
